<Objs Version="1.1.0.1" xmlns="http://schemas.microsoft.com/powershell/2004/04">
  <Obj RefId="0">
    <TN RefId="0">
      <T>Microsoft.PowerShell.Commands.PSRepositoryItemInfo</T>
      <T>System.Management.Automation.PSCustomObject</T>
      <T>System.Object</T>
    </TN>
    <MS>
      <S N="Name">xActiveDirectory</S>
      <S N="Version">2.16.0.0</S>
      <S N="Type">Module</S>
      <S N="Description">The xActiveDirectory module is originally part of the Windows PowerShell Desired State Configuration (DSC) Resource Kit. This version has been modified for use in Azure. This module contains the xADDomain, xADDomainController, xADUser, and xWaitForDomain resources. These DSC Resources allow you to configure and manage Active Directory._x000D__x000A__x000D__x000A_All of the resources in the DSC Resource Kit are provided AS IS, and are not supported through any Microsoft standard support program or service.</S>
      <S N="Author">Microsoft Corporation</S>
      <S N="CompanyName">PowerShellTeam</S>
      <S N="Copyright">(c) 2014 Microsoft Corporation. All rights reserved.</S>
      <DT N="PublishedDate">2017-01-11T23:23:51+00:00</DT>
      <Nil N="InstalledDate" />
      <Nil N="UpdatedDate" />
      <URI N="LicenseUri">https://github.com/PowerShell/xActiveDirectory/blob/master/LICENSE</URI>
      <URI N="ProjectUri">https://github.com/PowerShell/xActiveDirectory</URI>
      <Nil N="IconUri" />
      <Obj N="Tags" RefId="1">
        <TN RefId="1">
          <T>System.Object[]</T>
          <T>System.Array</T>
          <T>System.Object</T>
        </TN>
        <LST>
          <S>DesiredStateConfiguration</S>
          <S>DSC</S>
          <S>DSCResourceKit</S>
          <S>DSCResource</S>
          <S>PSModule</S>
        </LST>
      </Obj>
      <Obj N="Includes" RefId="2">
        <TN RefId="2">
          <T>System.Collections.Hashtable</T>
          <T>System.Object</T>
        </TN>
        <DCT>
          <En>
            <S N="Key">RoleCapability</S>
            <Obj N="Value" RefId="3">
              <TNRef RefId="1" />
              <LST />
            </Obj>
          </En>
          <En>
            <S N="Key">Command</S>
            <Ref N="Value" RefId="3" />
          </En>
          <En>
            <S N="Key">Cmdlet</S>
            <Ref N="Value" RefId="3" />
          </En>
          <En>
            <S N="Key">Workflow</S>
            <Ref N="Value" RefId="3" />
          </En>
          <En>
            <S N="Key">Function</S>
            <Ref N="Value" RefId="3" />
          </En>
          <En>
            <S N="Key">DscResource</S>
            <Obj N="Value" RefId="4">
              <TNRef RefId="1" />
              <LST>
                <S>xADComputer</S>
                <S>xADDomain</S>
                <S>xADDomainController</S>
                <S>xADDomainDefaultPasswordPolicy</S>
                <S>xADDomainTrust</S>
                <S>xADGroup</S>
                <S>xADOrganizationalUnit</S>
                <S>xADRecycleBin</S>
                <S>xADUser</S>
                <S>xWaitForADDomain</S>
              </LST>
            </Obj>
          </En>
        </DCT>
      </Obj>
      <Nil N="PowerShellGetFormatVersion" />
      <S N="ReleaseNotes">* xAdDomainController: Update to complete fix for SiteName being required field._x000D__x000A_* xADDomain: Added retry logic to prevent FaultException to crash in Get-TargetResource on subsequent reboots after a domain is created because the service is not yet running. This error is mostly occur when the resource is used with the DSCExtension on Azure.</S>
      <Obj N="Dependencies" RefId="5">
        <TNRef RefId="1" />
        <LST />
      </Obj>
      <S N="RepositorySourceLocation">https://www.powershellgallery.com/api/v2/</S>
      <S N="Repository">PSGallery</S>
      <S N="PackageManagementProvider">NuGet</S>
      <Obj N="AdditionalMetadata" RefId="6">
        <TN RefId="3">
          <T>System.Management.Automation.PSCustomObject</T>
          <T>System.Object</T>
        </TN>
        <MS>
          <S N="copyright">(c) 2014 Microsoft Corporation. All rights reserved.</S>
          <S N="description">The xActiveDirectory module is originally part of the Windows PowerShell Desired State Configuration (DSC) Resource Kit. This version has been modified for use in Azure. This module contains the xADDomain, xADDomainController, xADUser, and xWaitForDomain resources. These DSC Resources allow you to configure and manage Active Directory._x000D__x000A__x000D__x000A_All of the resources in the DSC Resource Kit are provided AS IS, and are not supported through any Microsoft standard support program or service.</S>
          <S N="requireLicenseAcceptance">True</S>
          <S N="releaseNotes">* xAdDomainController: Update to complete fix for SiteName being required field._x000D__x000A_* xADDomain: Added retry logic to prevent FaultException to crash in Get-TargetResource on subsequent reboots after a domain is created because the service is not yet running. This error is mostly occur when the resource is used with the DSCExtension on Azure.</S>
          <S N="isLatestVersion">True</S>
          <S N="isAbsoluteLatestVersion">True</S>
          <S N="versionDownloadCount">50162</S>
          <S N="downloadCount">73935</S>
          <S N="packageSize">90034</S>
          <S N="published">11/01/2017 23:23:51 +00:00</S>
          <S N="created">11/01/2017 23:23:51 +00:00</S>
          <S N="tags">DesiredStateConfiguration DSC DSCResourceKit DSCResource PSModule PSDscResource_x005F_xADComputer PSDscResource_x005F_xADDomain PSDscResource_x005F_xADDomainController PSDscResource_x005F_xADDomainDefaultPasswordPolicy PSDscResource_x005F_xADDomainTrust PSDscResource_x005F_xADGroup PSDscResource_x005F_xADOrganizationalUnit PSDscResource_x005F_xADRecycleBin PSDscResource_x005F_xADUser PSDscResource_x005F_xWaitForADDomain PSIncludes_DscResource</S>
          <S N="developmentDependency">False</S>
          <S N="updated">2018-01-24T22:27:16Z</S>
          <S N="NormalizedVersion">2.16.0</S>
          <S N="IsPrerelease">false</S>
          <S N="ItemType">Module</S>
          <S N="FileList">xActiveDirectory.nuspec|Assert-HADC.ps1|Assert-ParentChildDomains.ps1|HADCConfiguration.psd1|LICENSE|ParentChildConfig.psd1|README.md|xActiveDirectory.psd1|xActiveDirectory_TechNetDocumentation.html|DSCResources\MSFT_x005F_xADCommon\MSFT_x005F_xADCommon.ps1|DSCResources\MSFT_x005F_xADCommon\MSFT_x005F_xADCommon.psm1|DSCResources\MSFT_x005F_xADComputer\MSFT_x005F_xADComputer.psm1|DSCResources\MSFT_x005F_xADComputer\MSFT_x005F_xADComputer.schema.mof|DSCResources\MSFT_x005F_xADComputer\en-US\MSFT_x005F_xADComputer.psd1|DSCResources\MSFT_x005F_xADDomain\MSFT_x005F_xADDomain.psm1|DSCResources\MSFT_x005F_xADDomain\MSFT_x005F_xADDomain.schema.mof|DSCResources\MSFT_x005F_xADDomainController\MSFT_x005F_xADDomainController.psm1|DSCResources\MSFT_x005F_xADDomainController\MSFT_x005F_xADDomainController.schema.mof|DSCResources\MSFT_x005F_xADDomainDefaultPasswordPolicy\MSFT_x005F_xADDomainDefaultPasswordPolicy.psm1|DSCResources\MSFT_x005F_xADDomainDefaultPasswordPolicy\MSFT_x005F_xADDomainDefaultPasswordPolicy.schema.mof|DSCResources\MSFT_x005F_xADDomainTrust\MSFT_x005F_xADDomainTrust.psm1|DSCResources\MSFT_x005F_xADDomainTrust\MSFT_x005F_xADDomainTrust.schema.mof|DSCResources\MSFT_x005F_xADGroup\MSFT_x005F_xADGroup.psm1|DSCResources\MSFT_x005F_xADGroup\MSFT_x005F_xADGroup.schema.mof|DSCResources\MSFT_x005F_xADOrganizationalUnit\MSFT_x005F_xADOrganizationalUnit.psm1|DSCResources\MSFT_x005F_xADOrganizationalUnit\MSFT_x005F_xADOrganizationalUnit.schema.mof|DSCResources\MSFT_x005F_xADRecycleBin\MSFT_x005F_xADRecycleBin.psm1|DSCResources\MSFT_x005F_xADRecycleBin\MSFT_x005F_xADRecycleBin.schema.mof|DSCResources\MSFT_x005F_xADRecycleBin\Examples\xActiveDirectory_x005F_xADRecycleBin.ps1|DSCResources\MSFT_x005F_xADRecycleBin\ResourceDesignerScripts\GeneratexADRecycleBinSchema.ps1|DSCResources\MSFT_x005F_xADUser\MSFT_x005F_xADUser.psm1|DSCResources\MSFT_x005F_xADUser\MSFT_x005F_xADUser.schema.mof|DSCResources\MSFT_x005F_xWaitForADDomain\MSFT_x005F_xWaitForADDomain.psm1|DSCResources\MSFT_x005F_xWaitForADDomain\MSFT_x005F_xWaitForADDomain.schema.mof|Misc\New-ADDomainTrust.ps1|Tests\Unit\MSFT_x005F_xADCommon.Tests.ps1|Tests\Unit\MSFT_x005F_xADComputer.Tests.ps1|Tests\Unit\MSFT_x005F_xADDomain.Tests.ps1|Tests\Unit\MSFT_x005F_xADDomainController.Tests.ps1|Tests\Unit\MSFT_x005F_xADDomainDefaultPasswordPolicy.Tests.ps1|Tests\Unit\MSFT_x005F_xADGroup.Tests.ps1|Tests\Unit\MSFT_x005F_xADOrganizationalUnit.Tests.ps1|Tests\Unit\MSFT_x005F_xADUser.Tests.ps1|Tests\Unit\MSFT_x005F_xWaitForADDomain.Tests.ps1</S>
          <S N="GUID">9FECD4F6-8F02-4707-99B3-539E940E9FF5</S>
          <S N="PowerShellVersion">4.0</S>
          <S N="CLRVersion">4.0</S>
          <S N="CompanyName">Microsoft Corporation</S>
        </MS>
      </Obj>
      <S N="InstalledLocation">/Users/vladislavnedosekin/Scripting/xActiveDirectory/2.16.0.0</S>
    </MS>
  </Obj>
</Objs>
